email,password
mihail1@example.com,pass123
mihail2@example.com,pass123
mihail3@example.com,pass123
mihail4@example.com,pass123
mihail5@example.com,pass123
mihail6@example.com,pass123
mihail7@example.com,pass123
mihail8@example.com,pass123
mihail9@example.com,pass123
mihail10@example.com,pass123
mihail11@example.com,pass123
mihail12@example.com,pass123
mihail13@example.com,pass123
mihail14@example.com,pass123
mihail15@example.com,pass123
mihail16@example.com,pass123
mihail17@example.com,pass123
mihail18@example.com,pass123
mihail19@example.com,pass123
mihail20@example.com,pass123